"English","French","STRING_INDEX",,"Remark"
"Track %d","Piste %d","0",,
"By Channel","Par chaine","1",,
"By Date","Par date","2",,
"By Genre","Par genre","3",,
"Series Recordings","Enregistrement Série","4",,
"Higher Priorty Recordings","Enregistrement Haute Priorité","5",,
"Mostly watched Recordings","Enregistrement plus regardé","6",,
"Unwatched Recordings","Enregistrement pas regardé","7",,
"Watched Recordings","Enrestrement déjà regardé","8",,
"%d %% Completed","%d %% Terminé","9",,
"%s - %dMHz - Horizontal - %d MS/s","%s - %dMHz - Horizontal - %d MS/s","10",,
"%s - %dMHz - Vertical - %d MS/s","%s - %dMHz - Vertical - %d MS/s","11",,
"Unknown Error","Erreur inconnue","12",,
"HTTP open error. Please check network","Erreur d'ouverture d'HTTP. Veuillez vérifier le réseau","13",,
"Cannot open","Ouverture impossible","14",,
"Cannot parse feed","Impossible d'analyser l'alimentation","15",,
"Cannot parse totalResults","Impossible d'analyser les résultats globaux","16",,
"Cannot parse startIndex","Impossible d'analyser l'index de début","17",,
"Cannot parse itemsPerPage","Impossible d'analyser les articles par page","18",,
"Sunday","Dimanche ","19",,
"Monday","lundi ","20",,
"Tuesday","Mardi","21",,
"Wednesday","Mercredi","22",,
"Thursday","Jeudi","23",,
"Friday","Vendredi ","24",,
"Saturday","Samedi","25",,
"Sun","Dim ","26",,
"Mon","Lun","27",,
"Tue","Mar","28",,
"Wed","Mer","29",,
"Thu","Jeu","30",,
"Fri","Ven","31",,
"Sat","Sam","32",,
"Jan","Jan","33",,
"Feb","Fév","34",,
"Mar","Mar","35",,
"Apr","Avr","36",,
"May","Mai","37",,
"Jun","Juin","38",,
"Jul","Juillet ","39",,
"Aug","Août","40",,
"Sep","Sep","41",,
"Oct","Oct","42",,
"Nov","Nov","43",,
"Dec","Déc","44",,
"January","Janvier","45",,
"February","Février ","46",,
"March","Mars","47",,
"April","Avril ","48",,
"June","Juin ","49",,
"July","Juillet ","50",,
"August","Août","51",,
"September","Septembre","52",,
"October","Octobre ","53",,
"November","Novembre","54",,
"December","Décembre","55",,
"Locked","Verrouillé","56",,
"Genre","Genre","57",,
"Running time","Temps d'exécution","58",,
"Bit rate","débit binaire","59",,
"Sample rate","débit de test","60",,
"FOLDER","Dossier","61",,
"NO","Non","62",,
"IMAGE","Image","63",,
"NO THUMBNAIL","Pas de vignette","64",,
"Searching Progress","Progression de la recherche ","65",,
"Strength","Puissance","66",,
"Quality","Qualité","67",,
"Series","Séries","68",,
"Empty Channel","Canal vide","69",,
"No Signal","Pas de signal","70",,
"Scrambled Channel","Chaîne cryptée","71",,
"Views","Vues","72",,
"Move West","Déplacer vers l'Ouest","73",,
"Step West","faire un pas vers l'Ouest ","74",,
"Stop","Arrêter","75",,
"Step East","faire un pas vers l'Est ","76",,
"Move East","Déplacer vers  l'Est ","77",,
"TV Screen Format","Format de l'écran TV","78",,
"Automatic Dolby Selection","Sélection automatique du Dolby","79",,
"HDMI Resolution","résolution HDMI","80",,
"SCART Out","Sortie péritel","81",,
"Television System","Système de la télévision","82",,
"Video and Audio","Vidéo et Audio","83",,
"Original Format","Format original","84",,
"You can change Video/Audio Settings.","Vous pouvez modifier les paramètres Vidéo/Audio","85",,
"( HDMI Not Connected )","(HDMI Non Connectée)","86",,
"Cancel","Annuler ","87",,
"Previous","Précédent","88",,
"Next","Suivant","89",,
"Channel Search","Recherche de chaîne","90",,
"Select Satellite","Sélectionnez un satellite","91",,
"Network Search","Recherche du Réseau","92",,
"FTA CA Select","Sélection FTA CA","93",,
"Yes","Oui","94",,
"No","Non","95",,
"All","Tout","96",,
"Select Country","Sélectionnez le pays","97",,
"Select country from the list","Sélectionnez le pays à partir de la liste","98",,
"Select Language","Sélectionnez la langue ","99",,
"Select the appropriate language from the list","Sélectionnez la langue appropriée dans la liste","100",,
"Are you sure?","Etes-vous sûrs?","101",,
"Do you want to stop first time installation?","Souhaitez-vous interrompre la première installation?","102",,
"Language","Langue","103",,
"Date","Date ","104",,
"Time","Heure ","105",,
"TV Channels","Chaînes TV","106",,
"Radio Channels","Chaînes Radio","107",,
"Result","Résultat","108",,
"Done","Appliquer","109",,
"Channel Banner Duration","Durée de bannière de chaîne ","110",,
"Playback Banner Duration","Durée de bannière de lecture ","111",,
"Sleep Timer","Minuterie","112",,
"Menu Transparency","Transparence du menu ","113",,
"Background Theme","Thème d’Arrière-plan","114",,
"Etc.","Etc.","115",,
"Back to User Preference","Retour aux préférences de l’utilisateur","116",,
"Go to Live","Continuer","117",,
"Back to Previous Menu","Retour au menu précédent","118",,
"Set the duration of channel banner","Régler la durée de bannière de chaîne","119",,
"Set the duration of playback banner","Régler la durée de bannière de lecture ","120",,
"You can change sleep timer","Vous pouvez modifier la minuterie ","121",,
"Set the transparency of menu","Régler la transparence du menu","122",,
"Select the background theme","Régler le thème d’Arrière-plan","123",,
"Start FTP Server at Boot","Démarrer le Serveur FTP au démarrage","124",,
"4GByte Limit","Limité à 4 GB","125",,
"Start UPnP Server at Boot","Démarrer le Serveur UPnP au démarrage","126",,
"Application","Application ","127",,
"Back to","Retour vers","128",,
"On/Off FTP server at boot.","On/Off du serveur FTP au démarrage","129",,
"On/Off 4GByte limit.","On/Off la limitation à 4 GB","130",,
"On/Off UPnP server at boot.","On/Off du serveur UPnP au démarrage","131",,
"Folder","Dossier","132",,
"Category","Catégorie","133",,
"Priority","Priorité","134",,
"Radio Archive","Archive de la Radio","135",,
"TV Archive","Archive de la TV","136",,
"All by Title","Tous par titre","137",,
"All by Date","Tous par date","138",,
"All by Channel","Tous par chaîne","139",,
"All by Duration","Tous par durée","140",,
"All by Timer","Tous par minuterie","141",,
"Folder by Title","Dossier par titre","142",,
"Folder by Date","Dossier par date","143",,
"Folder by Channel","Dossier par chaîne","144",,
"Folder by Duration","Dossier par durée","145",,
"Folder by Timer","Dossier par minuterie","146",,
"Title","Titre","147",,
"Channel","Chaîne","148",,
"Duration","Durée","149",,
"Timer","Minuterie","150",,
"Priority by Title","Priorité par titre","151",,
"Priority by Date","Priorité par date","152",,
"Priority by Channel","Priorité par chaîne","153",,
"Priority by Duration","Priorité par durée ","154",,
"Priority by Timer","Priorité par minuterie","155",,
"Message","Message","156",,
"Timeshift copy is in progress","La copie du direct différé en cours ","157",,
"Enter PIN Code","Entrez le code PIN","158",,
"Please stop playing first...","SVP arrêtez la première lecture…","159",,
"Please stop recording first...","SVP arrêtez le premier enregistrement…","160",,
"Confirm","Confirmer ","161",,
"Do you want to delete %d recording(s)?","Voulez-vous effacer %d enregistrement?","162",,
"Do you want to delete %d recording(s) in folder?","Voulez-vous effacer %d enregistrement dans le dossier?","163",,
"Do you want to delete %d recording(s) and folder?","Voulez-vous effacer %d enregistrement et le dossier?","164",,
"Enter PIN Code to lock","Saisissez le code PIN pour verrouiller","165",,
"Enter PIN Code to unlock","Saisissez le code PIN pour déverrouiller","166",,
"Rename","Renommer ","167",,
"Access Denied","Accès refusé","168",,
"Recording/Folder is locked.\nPlease unlock!","Enregistrement/Le dossier est verrouillé.\nVeuillez le déverrouiller!","169",,
"Can't find USB storage.","Impossible de trouvez le support de stockage USB.","170",,
"Export to USB","Envoyer vers l’USB","171",,
"Create Folder","Créer un dossier","172",,
"Wrong PIN code.","Code PIN erroné.","173",,
"Please wait as this may take a while!","Veillez patienter pendant quelques minutes!","174",,
"Edit Marked","Modifier ce qui est indiqué","175",,
"Clear Selection","Effacer la sélection","176",,
"Play","Lire","177",,
"Play From Start","Lire depuis le début","178",,
"Edit","Editer","179",,
"Mark","Marquer","180",,
"Please wait...","Veuillez patienter …","181",,
"Copying...","Copie en cours...","182",,
"Audio HDMI","Audio HDMI","183",,
"Set Audio Delay Time","Réglez le temps du décalage audio","184",,
"Audio Setting","Réglage Audio","185",,
"Set audio Dolby.","Réglage audio Dolby.","186",,
"Set audio channel on HDMI and S-PIDF.","Réglage des chaînes audio sur HDMI et S/PDIF","187",,"원본도 잘못됨"
"Set audio delay.","Réglez le décalage audio","188",,
"Video Setting","Réglage vidéo","189",,
"Audio & Video","Audio et vidéo","190",,
"Change audio settings.","Changez le Réglage Audio.","191",,
"Change video settings.","Changez le Réglage Vidéo.","192",,
"Automatic EPG Update","Mise à jour automatique de EPG","193",,
"Start Time","Heure de début","194",,
"Grab Interval","Intervalle de capture","195",,
"Update Channel","Mise à jour des chaînes","196",,
"Start Channel","Chaîne de début","197",,
"End Channel","Chaîne de fin","198",,
"Favorite Group","Le groupe de favoris","199",,
"Select Channel","Sélectionnez une chaîne ","200",,
"On/Off automatic EPG update.","On / Off de la mise à jour automatique EPG.","201",,
"Set the update start time.","Réglez l'heure de début de mise à jour.","202",,
"Set the grab interval.","Réglez l'intervalle de capture","203",,
"Set the update channel","Réglez la mise à jour des chaînes","204",,
"Set the start channel.","Réglez la chaîne de début","205",,
"Set the end channel.","Réglez la chaîne de fin","206",,
"Select the favorite group.","Sélectionnez le groupe de favoris","207",,
"Primary Frequency","Fréquence principale","208",,
"Primary DVB Type","Principal type de DVB","209",,
"Primary FEC","FEC principale","210",,
"Primary Polarization","Polarisation principale","211",,
"Primary Symbol Rate","Symbol rate principal","212",,
"Secondary Frequency","Fréquence secondaire","213",,
"Secondary DVB Type","Second type de DVB","214",,
"Secondary FEC","FEC secondaire","215",,
"Secondary Polarization","Polarisation secondaire","216",,
"Secondary Symbol Rate","Symbol rate secondaire","217",,
"Horizontal","Horizontal","218",,
"Vertical","Vertical","219",,
"Set primary BAT frequency.","Régler la fréquence du BAT primaire.","220",,
"Set primary BAT DVB type.","Régler la fréquence de type BAT DVB.","221",,
"Set primary BAT FEC.","Régler le BAT FEC primaire.","222",,
"Set primary BAT polarization.","Régler la polarisation primaire BAT","223",,
"Set primary BAT symbol rate.","Régler le taux de symbol primaire BAT","224",,
"Set secondary BAT frequency.","Régler la fréquence BAT secondaire ","225",,
"Set secondary BAT DVB type.","Régler le type BAT DVB secondaire","226",,
"Set secondary BAT FEC.","Régler le BAT FEC secondaire.","227",,
"Set secondary BAT polarization.","Régler la polarisation secondaire BAT","228",,
"Set secondary BAT symbol rate.","Régler le taux de symbol secondaire BAT ","229",,
"Channel Scan","Scan des chaînes","230",,
"Regional Service","Service régional","231",,
"Edit Channel List","Editer la liste des chaînes","232",,
"Delete All Channels","Effacer toutes les chaînes","233",,
"Channel Operation","Opération des chaînes","234",,
"Has no regional service.","pas de service régional","235",,
"Remove, Lock, Set Group, etc.","déplacer, verouiller, grouper, etc.","236",,
"Delete all channels.","Effacer toutes les chaînes","237",,
"Select regional service","Sélectionnez le service régional","238",,
"Subscription Status","Statut d’abonnement","239",,
"Event Status","Statut d'événement","240",,
"Tokens Status","Statut des jetons","241",,
"Change CA PIN","Changer le CA PIN","242",,
"Maturity Rating","taux de maturité","243",,
"Conax Mailbox","Boîte aux lettres Conax","244",,
"About Conax CA","A propos de CA Conax","245",,
"Conax","Conax","246",,
"Information","Information","247",,
"No card inserted","Pas de carte insérée","248",,
"OK - view subscription status","OK - pour voir le statut de l'abonnement","249",,
"OK - view event status","OK - pour voir le statut d'événement","250",,
"OK - view tokens purse status","OK- pour voir les jetons de bourse","251",,
"OK - change the CA PIN","OK - pour changer le CA PIN","252",,
"OK - view or change the maturity rating level","OK - pour voir ou changer le taux de maturité","253",,
"OK - view Conax mailbox","OK - pour voir la boîte aux lettres Conax","254",,
"OK - view Conax CA info","OK - pour voir l'info du CA Conax","255",,
"CAM 1 Not Inserted","CAM 1 n'est pas inséré","256",,
"CAM 2 Not Inserted","CAM 2 n'est pas inséré","257",,
"Smartcard 1 Not Inserted","Smartcard 1 n'est pas insérée","258",,
"Smartcard 2 Not Inserted","Smartcard 2 n'est pas insérée","259",,
"Conditional Access","Accès sous Condition CAS","260",,
"Smartcard Inserted","Smartcard insérée","261",,
"Card extracted","Carte retirée","262",,
"Invalid card","Carte invalide","263",,
"Card Error","Erreur de la carte","264",,
"OK - View CAM 1 configuration","OK - pour voir la configuration du CAM 1","265",,
"OK - View CAM 2 configuration","OK - pour voir la configuration du CAM 2","266",,
"OK - Smartcard 1 setting","OK - pour le réglage de le Smartcard 1","267",,
"OK - Smartcard 2 setting","OK - pour le réglage de le Smartcard 2","268",,
"Time Mode","Mode horloge","269",,
"Set Date","Réglage de la date","270",,
"Set Time","Réglage de l'heure","271",,
"Local Time Offset","Fuseau horaire","272",,
"Summer Time","Heure d’Été","273",,
"Apply","Appliquer","274",,
"Date & Time Setting","Réglage Date & Heure","275",,
"Automatic","Automatique","276",,
"Manual","Manuel","277",,
"Finish","Terminer","278",,
"Change setting time method.","Changer le réglage de l'horloge.","279",,
"Set channel.","Réglage de chaine","280",,
"Enter date information.","Entrez dans les informations de la date","281",,
"Enter time information.","Entrez dans les informations de l'heure","282",,
"Set local time offset.","Réglage du fuseau horaire","283",,
"Set summer time.","Réglage de l'heure d'Été","284",,
"You can setup time now.","Maintenant vous pouvez régler l'heure","285",,
"Getting Time","Obtenir l’heure","286",,
"All Channels","Toutes les chaînes","287",,
"Satellite","Satellite","288",,
"FTA/CAS","FTA/CAS","289",,
"Favorite","Favoris","290",,
"Network","Réseau","291",,
"Radio - Channel List","Radio – Liste des chaînes","292",,
"TV - Channel List","TV - Liste des chaînes","293",,
"Radio - Edit Channel List","Radio – Editer la liste des chaînes","294",,
"TV - Edit Channel List","TV - Editer la liste des chaînes","295",,
"Do you want to save channels?","Voulez-vous enregistrer les chaînes?","296",,
"Channel Lock","Verrouiller la chaîne","297",,
"Invalid lock time.","Heure de verouillage invalide","298",,
"All Channel by Number","Tous les  chaînes par numéro","299",,
"All Channel by Alphabet","Tous les  chaînes par ordre","300",,
"No channels","Pas de chaînes","301",,
"Edit Channel","Editer la chaîne","302",,
"OK","OK","303",,
"Cancel Block Selection","Annuler le bloc de sélection","304",,
"Exit","sortir","305",,
"Tune in","Balayer","306",,
"Edit Media Browser","Editer le navigateur de média","307",,
"Back","Retour","308",,
"File Operation","Traitement du fichier","309",,
"Do Operation","Faire un traitement","310",,
"Create New Folder","Créer un nouveau dossier","311",,
"Channels","Chaînes","312",,
"Grid Mode","Mode réseau","313",,
"Current","Actuel","314",,
"Program Guide","Guide des programmes","315",,
"Filter","Filtre","316",,
"Search","Recherche","317",,
"Record/Edit","Enregistrer / Editer","318",,
"+/-24H","+/-24H","319",,
"Zoom","Zoom","320",,
"Following","Suivant","321",,
"List","Liste","322",,
"Conflict","Conflit","323",,
"Log","journal","324",,
"EPG Filter","Filtre EPG","325",,
"Select Genres","Sélectionnez les genres","326",,
"Not available channel. First, stop recording.","chaine ","327",,
"Filtering","Filtrage","328",,
"Record","enregistrement","329",,
"+24H/-24H","+24H/-24H","330",,
"Filtering by Date Time","Filtrage par Date ","331",,
"Timer Keyword","Mot clé par le temps","332",,
"Do you want to delete all weekly timers?","Souhaitez-vous supprimer toutes les programmations hebdomadaires?","333",,
"Do you want to delete all series?","Souhaitez-vous supprimer toutes les séries?","334",,
"Do you want to go weekly edit window?","Souhaitez-vous éditer la fenêtre hebdomadaire?","335",,
"Do you want to go series edit window?","Souhaitez-vous éditer la fenêtre des séries?","336",,
"Conflict is not resolved","Le conflit n'est pas resolu","337",,
"Not possible to record this program as another recording is reserved.","Impossible de enregistrer ce programme car un autre enregistrement est réservé","338",,
"Select Timer","Programmation sélectionnée","339",,
"Same program is already added in timer list","Le même programme est déjà ajouté dans la liste des programmations","340",,
"Timer Option","Option de programmation","341",,
"MAC Address","Adresse MAC","342",,
"DHCP","DHCP","343",,
"IP Address","Adresse IP","344",,
"Subnet Mask","Masque de sous réseau","345",,
"Gateway","Passerelle","346",,
"DNS","DNS","347",,
"Save","Sauvegarder","348",,
"Use WLAN","Utiliser le WLAN","349",,
"Ethernet Setting","Configuration Ethernet","350",,
"Getting IP Address","Obtenir une adresse IP","351",,
"You can find wireless network.","Vous pouvez trouver un réseau sans fil.","352",,
"You can set WLAN On / Off.","Vous pouvez régler le WLAN On / Off.","353",,
"You can set DHCP On / Off.","Vous pouvez régler le DHCP On / Off.","354",,
"You can change IP Address.","Vous pouvez changer l’adresse IP","355",,
"You can change Subnet Mask.","Vous pouvez changer le masque de sous réseau","356",,
"You can change Gateway.","Vous pouvez changer la passerelle","357",,
"You can change DNS.","Vous pouvez changer le DNS","358",,
"You can Get IP Address.","Vous pouvez obtenir une adresse IP","359",,
"You can Save.","Vous pouvez sauvegarder ","360",,
"GET IP Address","Obtenir une adresse IP ","361",,
"Error","Erreur ","362",,
"Cannot find any wireless access point","Impossible de trouver un point d'accès sans fil","363",,
"Wireless","Sans fil","364",,
"Connect to Wireless AP.","Connecter à un réseau sans fil AP.","365",,
"Input Key","Entrer la clé","366",,
"TV","TV","367",,
"Radio","Radio","368",,
"New TV Channels : %d\nNew Radio Channels : %d\0","Nouvelles chaînes TV : %d\nNouvelles Chaînes Radio: %d\0","369",,
"Cancel channel search?","Annuler la recherche de chaîne?","370",,
"Wait please...","Veuillez patienter","371",,
"Please wait while stopping channel scan.","Veuillez patienter jusqu’à l'arrêt du balayage des chaînes.","372",,
"New channels are detected.","Nouvelles chaînes détectées.","373",,
"Prepare for scan...","Préparé pour le recherche","374",,
"New Viaccess Detected","Nouvel Viaccess détecté","375",,
"%0.1f MHz  -  %d KS/s  - %d","%0.1f MHz  -  %d  KS/s  - %d","376",,
"Reset Channel List","Réinitialiser la liste des chaînes","377",,
"Reset Settings","Réinitialisation des paramètres","378",,
"Execute Installation","Exécuter l'installation","379",,
"Reset","Réinitialisation","380",,
"Factory Reset","Réinitialisation d'usine","381",,
"Reset channel list.","Réinitialisation de la liste des chaînes.","382",,
"Reset settings.","Réinitialiser les paramètres.","383",,
"Execute first installation after reset.","Exécuter une première installation après la réinitialisation.","384",,
"Execute factory reset.","Exécuter la réinitialisation d'usine","385",,
"Recent","récent","386",,
"Text","Texte ","387",,
"Tag","étiquette","388",,
"Flickr","Flickr","389",,
"Flickr Search","Rechercher Flickr","390",,
"Copy","Copie","391",,
"Image download fail","Erreur de téléchargement de l'image","392",,
"Next Page","Page suivante","393",,
"Previous Page","Page précédente","394",,
"Previous / Next Page","Page précédente / suivante","395",,
"Flickr folder is not open.","Le dossier Flickr n’est pas ouvert","396",,
"Search : %s %s %s","Recherche : %s %s %s","397",,
"No result","Pas de résultat","398",,
"Format Record Archive","Formater les enregistrements archivés","399",,
"Format Media Archive","Formater les archives Médias","400",,
"Make Dedicated Hard Disk","Faire un disque dur dédié","401",,
"Storage","Stockage","402",,
"Do you want to format Record Archive?\nThe receiver will restart automatically after formatting...","Souhaitez-vous formater les enregistrements archivés?\nLe récepteur redémarre automatiquement après le formatage…","403",,
"Do you want to format Media Archive?\nThe receiver will restart automatically after formatting...","Souhaitez-vous formater les archives Médias?\nLe récepteur redémarre automatiquement après le formatage…","404",,
"You can Format Record Archive.","Vous pouvez formater les enregistrements archivés.","405",,
"You can Format Media Archive.","Vous pouvez formater les archives Médias","406",,
"You can Make Dedicated hard disk.","Vous pouvez Faire un disque dur dédié.","407",,
"Formatting Record Archive...","Formatage des enregigstrements archivés…","408",,
"Formatting Media Archive...","Formatage des archives Médias…","409",,
"Progress","progression","410",,
"Fail","Echoue ","411",,
"Format record archive failed..\nRetry format record archive.","formatage des archive échoué..\nRéessayer formater l'archive enregistré","412",,
"Loading ...","Chargement…","413",,
"OSD Language","Langue OSD","414",,
"Primary Audio Language","Langue audio principale","415",,
"Primary Subtitle Language","Langue de sous-titrage principale","416",,
"Secondary Subtitle Language","Langue de sous-titrage Secondaire","417",,
"For The Hearing Impaired","Pour les malentendants","418",,
"Language Preference","Préférence de langue","419",,
"Set primary audio language","Choisir la langue audio principale","420",,
"Set primary subtitle language","Choisir la langue de sous-titrage principale","421",,
"Set secondary subtitle language.","Choisir la langue de sous-titrage secondaire.","422",,
"Enable hearing impaired support","Activer le support pour les malentendants","423",,
"Set menu and popup language","Choisir la langue du menu et du popup","424",,
"Do you want to go to Live?","Souhaitez-vous aller sur Live?","425",,
"Operator Message","Message de l'opérateur","426",,
"No message","Pas de message","427",,
"Detail","Détails","428",,
"Mail","Email","429",,
"Installation","Installation","430",,
"User Preference","Préférences de l’utilisateur","431",,
"Audio/Video","Audio/Vidéo","432",,
"Receiver Setup","Réglage du récepteur","433",,
"Main Menu","Menu principal ","434",,
"First Time Installation & Channels Search.","Première installation et recherche de chaînes. ","435",,
"Recording is running...\nPlease stop recording first.","Enregistrement encours…\nMerci d'arrêter d'abord l'enregistrement.","436",,
"Current status is not live status...\nPlease stop player first.","Le statut actuel n'est pas le statut Live ... \nMerci d'arrêter d'abord le lecteur.","437",,
"Audio and Video Setting","Réglage Audio et Vidéo","438",,
"Change various preference settings","Modifier les réglages privilégiés diverses ","439",,
"Channels Search and other settings.","Recherche des chaînes et autres réglages.","440",,
"Edit channels & select favorite network.","Éditer les chaînes et sélectionner les réseaux favoris.","441",,
"Change receiver settings.","Modifier les paramètres du récepteur.","442",,
"Conditional access information.","Information sur l'accès du conditionnel.","443",,
"Media Browser","Navigateur média","444",,
"Media Option","Les options du Média","445",,
"Cannot edit root media","Impossible d’éditer la racine du média","446",,
"Cannot edit play media item","Impossible d'éditer l'article du lecteur Média","447",,
"Media Filter","Filtre media","448",,
"Delete","Supprimer","449",,
"Do you want to delete?","Souhaitez-vous le supprimer?","450",,
"Move","déplacer","451",,
"Cannot copy to this folder.\nPlease copy to another folder.","Impossible de le copier dans ce dossier.\nMerci de le copier dans un autre dossier.","452",,
"wait...","Veuillez patienter …","453",,
"Cannot move to this folder.\nPlease move to another folder.","Impossible de le déplacer dans ce dossier.\nMerci de le déplacer dans un autre dossier.","454",,
"Back to Parent Folder","Retourner vers dossier principal","455",,
"Pause","Pause","456",,
"Not supported media file.","Fichier media pas prise en charge.","457",,
"Automatic Timeshift","Timeshift automatique","458",,
"Default Record Duration","Durée d’enregistrement par défaut","459",,
"Pre-Recording Time","Temps avant l'enregistrement","460",,
"Post-Recording Time","Temps après l'enregistrement","461",,
"Timeshift Buffer Size","Taille de la mémoire pour le Timeshift","462",,
"Automatic Standby Decrypt","Décryptage d’attente automatique","463",,
"Recording Options","Options d’enregistrement","464",,
"Enable/Disable timeshift recording.","Activer / Désactiver l'enregistrement du Timeshift.","465",,
"Set timeshift buffer size.","Choisir la taille de la mémoire pour le Timeshift.","466",,
"Change default record duration.","Changer la durée par défaut de l'enregistrement.","467",,
"Select pre padding time","Choisissez le temps de pré-enregistrement","468",,
"Select post padding time","Choisissez le temps de post-enregistrement","469",,
"On/Off automatic standby decrypt","On/Off Décryptage d’attente automatique","470",,
"Lock Main Menu","Verrouillage du menu principal","471",,
"New PIN code","Nouveau code PIN","472",,
"Confirmation PIN code","Confirmation du code PIN","473",,
"Lock Program(from the CSA code)","Verrouiller les programmes(à partir du code CSA)","474",,
"Age Limit","Limite d'âge","475",,
"Enter New PIN Code","Entrer un nouveau code PIN","476",,
"Parental","parental","477",,
"Define new PIN code","Définir le nouveau code PIN","478",,
"Prevent entering main menu.","Empêcher l’accès au menu principal.","479",,
"Select age limit","Sélectionnez la limite d'âge","480",,
"Enter new PIN code.","Entrer le nouveau code PIN.","481",,
"Enter confirmation PIN code.","Confirmer le code PIN.","482",,
"Change PIN","Changer le Code PIN","483",,
"New PIN codes do not match","Le nouveau code PIN ne correspondent pas","484",,
"New PIN code is not valid","Le nouveau code PIN incorrect","485",,
"PIN change success. But smartcard PIN does not matched.","Le changement du code PIN a été effectué avec succès. Mais le code PIN du carte a puce ne correspondent pas.","486",,
"PIN change success. And smartcard PIN has been updated with PIN.","Le changement du code PIN a été effectué avec succès. Mais le code PIN du carte a puce a été mis a niveau avec un PIN","487",,
"PIN change success.","Changement du code PIN validé.","488",,
"Initialize PIN code first.","Initialisation du code PIN par défaut","489",,
"STB Information","Informations du récepteur","490",,
"Front Display Setting","Réglage de l'afficheur","491",,
"Power Save Mode","mode veille ","492",,
"Update","Mise à jour","493",,
"Receiver","Récepteur","494",,
"System Information","Informations du système","495",,
"SW Ver.","SW Ver.","496",,
"HW Ver.","HW Ver.","497",,
"No updates available.","Aucune mise à jour de disponible.","498",,
"Reset various settings to factory default.","Réinitialisation par défaut des différents paramètres d'usine.","499",,
"See STB Information.","Voir les informations du récepteur","500",,
"Other receiver related settings.","Réglages d'un autre récepteur.","501",,
"Format recording and multimedia.","Enregistrement de format et multimédia.","502",,
"Change receiver time.","Changer l’heure du récepteur.","503",,
"Set various network parameters.","Régler les différents paramètres du réseau.","504",,
"Select power save mode.","Choisissez le mode veille","505",,
"See software information and update.","Voir les informations du logiciel et la mise à jour.","506",,
"Wrong PIN Code","Code PIN erroné","507",,
"Standby LED","LED de Veille ","508",,
"Front Display Brightness","Luminosité de l'afficheur","509",,
"Front Display in Standby","Afficheur en veille","510",,
"Fan Control","Contrôle du ventilateur","511",,
"Turn on HDCP.","HDCP activé.","512",,
"Set LED in standby.","Régler la LED en mode veille.","513",,
"Adjust brightness of front display.","Ajuster la luminosité de l'afficheur.","514",,
"Set front display in standby.","Régler l'afficheur en mode veille.","515",,
"Set fan speed.","Régler la vitesse du ventilateur.","516",,
"Turn on HDCP copy protection for all services.","Activation pour tous les services de la protection HDCP contre la copie.","517",,
"FTA Scan","Scan du FTA","518",,
"Network Scan","Scan du réseau","519",,
"Scan Mode","Mode Scan","520",,
"Switch on/off FTA channel scan.","Activation/désactivation du scan des chaînes du FTA","521",,
"Switch on/off network scan.","Activation/désactivation du scan du réseau","522",,
"Select scan mode.","Sélectionnez le mode scan.","523",,
"Quick Scan","Scan rapide","524",,
"Scan","Scan","525",,
"Text is shorter than 3","Le texte est moins de 3","526",,
"Search Option","Option de recherche","527",,
"EPG","EPG","528",,
"Resolve Timer in Conflict","Résoudre le conflit de programmation","529",,
"Timer List","Liste de programmation","530",,
"Timer Log","Etiquette de programmation","531",,
"Timer Grid","Réseau de programmation","532",,
"Timer Options","Les options de programmation","533",,
"Show Weekly Timer Items","Afficher les programmations hebdomadaire","534",,
"Show Split Timers","Afficher les programmations partager","535",,
"Conflict Message","Message de conflit ","536",,
"Resolved!","Résolu!","537",,
"Still in Conflict!","Toujours en conflit!","538",,
"Update All","Tout mettre à jour","539",,
"Update Channels","Mise à jour des chaînes","540",,
"Update Software","Mise à jour du logiciel ","541",,
"Update.","Mise à jour.","542",,
"Update Info.","Informations sur la mise à jour.","543",,
"Go to Receiver","Aller au récepteur","544",,
"Update channel list & software.","Mise à jour de la liste des chaînes et du logiciel.","545",,
"Channel List Update Info","Informations sur la mise à jour de la liste des chaînes","546",,
"Software Update Info","Informations sur la mise à jour du logiciel","547",,
"Update channel list.","Mise à jour de la liste des chaînes.","548",,
"Update software.","Mise à jour du logiciel.","549",,
"Update failed.","La mise à jour a échoué.","550",,
"Update channel list completed.","La liste des chaînes a été mise à jour.","551",,
"Update channel list and software completed.","La liste des chaînes et le logiciel ont été mis à jour.","552",,
"Update software completed.","Le logiciel a été mis à jour.","553",,
"Update channels","Mise à jour des chaînes","554",,
"Update software","Mise à jour du logiciel","555",,
"Parental Lock","Code parental ","556",,
"Select your favorite languages.","Choisir vos langues préférées.","557",,
"Lock your program.","Verrouillez votre programme.","558",,
"Set recording options.","Régler les options d'enregistrement.","559",,
"Set automatic EPG update.","Régler la mise à jour automatique EPG.","560",,
"Set application settings.","Régler les paramètres d'applications.","561",,
"Other options such as banner duration ..","D'autres options telles que la durée de la bannière ..","562",,
"Video Output","Sortie vidéo","563",,
"HDMI / YUV Resolution","Résolution HDMI / YUV","564",,
"Show 4:3 Event","Affichage 4:3 ","565",,
"Force 576i","Force 576i","566",,
"HDMI Color Space","Espace couleur HDMI","567",,
"TV Aspect Ratio","Proportions d'affichage de la TV","568",,
"Picture Format","Format de l'image","569",,
"TV SCART Output","Sortie péritel TV","570",,
"VCR SCART Output","Sortie péritel VCR","571",,
"HDCP","HDCP","572",,
"Change video output.","Changer la sortie vidéo","573",,
"Set HDMI / YUV Resolution.","Définir la résolution HDMI / YUV","574",,
"Set HDMI / YUV Resolution. ( HDMI Not Connected )","Définir la résolution HDMI / YUV. (HDMI non connecté)","575",,
"Pan&Scan, Pillar Box and Stretched.","Pan&Scan extention de la boîte aux lettres","576",,
"Set aspect ratio of your TV.","Régler les proportions d'affichage de votre TV.","577",,
"Set picture format according to TV aspect ratio.","Régler le format de l'image en fonction des proportions d'affichage de la TV.","578",,
"CVBS, RGB, YC.","CVBS, RGB, YC.","579",,
"SECAM or PAL.","SECAM ou PAL.","580",,
"Change force 576i.","Changer force 576i.","581",,
"Change HDCP.","Changer HDCP.","582",,
"Most Viewed","Les plus regardées","583",,
"Most Popular","Les plus populaires","584",,
"Most Recent","Les plus récents","585",,
"Most Discussed","Les plus commentées","586",,
"Most Responded","Le plus de commentaires vidéo","587",,
"Recently Featured","Récemment représentées","588",,
"Top Favorites","Les préférées","589",,
"Top Rated","Les mieux notées","590",,
"YouTube Feed Select","La sélection alimentée par YouTube","591",,
"YouTube","YouTube","592",,
"Invalid Start Index","Index de début invalide ","593",,
"YouTube Search","Recherche YouTube","594",,
"Related Video","Vidéo liée","595",,
"Search By Text","Recherche par texte","596",,
"YouTube Option","Option Youtube","597",,
"Back to Feed Select","Retour à la sélection","598",,
"Option","Option","599",,
"Info","Information","600",,
"Frequency","Fréquence","601",,
"Symbol Rate","Taux de symbole","602",,
"QAM Mode","Mode QAM","603",,
"Start Search","Commencer la recherche","604",,
"Advanced Channel Search","Recherche avancée des chaînes","605",,
"Select Frequency","Sélectionnez la fréquence","606",,
"Select frequency.","Sélectionner la fréquence.","607",,
"Select symbol rate.","Sélectionner le taux de symbole.","608",,
"Select QAM.","Sélectionner QAM","609",,
"Select network search.","Sélectionner la recherche du réseau.","610",,
"Select FTA/CA Select.","Sélectionner le choix FTA/CA.","611",,
"Start search.","Commencer la recherche.","612",,
"Tuner 2 Connection","Connexion du Tuner 2","613",,
"Tuner 2 Config","Configuration du Tuner 2","614",,
"Tuner 1","Tuner 1","615",,
"Tuner 2","Tuner 2","616",,
"Antenna & Satellite Setup","Réglage de l'antenne et du satellite","617",,
"Select tuner 2 connection type.","Choisir le type de connexion du tuner 2.","618",,
"Select tuner 2 configuration.","Choisir la configuration du tuner 2.","619",,
"Setup tuner 1.","Réglage du tuner 1.","620",,
"Setup tuner 2.","Réglage du tuner 2.","621",,
"Do you want to save satellite configuration?","Souhaitez-vous sauvegarder la configuration satellite?","622",,
"Automatic Channel Search","Recherche automatique des chaînes","623",,
"Select FTA/CA search.","Sélectionnez la recherche FTA/CA.","624",,
"Automatic Search","Recherche automatique ","625",,
"Manual Search","Recherche Manuelle ","626",,
"Advanced Search","Recherche avancée","627",,
"Automatic search.","Recherche automatique.","628",,
"Manual search.","Recherche Manuelle.","629",,
"Advanced search.","Recherche avancée.","630",,
"Longitude","Longitude","631",,
"Edit Satellite Name","Editer le nom du satellite","632",,
"Add New Satellite","Ajouter un nouveau satellite","633",,
"Delete Satellite","Supprimer un satellite","634",,
"Edit Satellite","Editer un satellite","635",,
"Do you want to delete satellite?","Souhaitez-vous supprimer un satellite?","636",,
"Select satellite.","Sélectionnez un satellite.","637",,
"Edit satellite name.","Editer le nom d’un satellite.","638",,
"Add new satellite.","Ajouter un nouveau satellite","639",,
"Delete satellite.","Supprimer un satellite.","640",,
"Satellite Name","Nom du satellite","641",,
"New Satellite","Nouveau satellite","642",,
"Transponder Frequency","Fréquence","643",,
"Polarization","Polarisation","644",,
"Add New Transponder","Ajouter un nouveau transpondeur","645",,
"Delete Transponder","Supprimer un transpondeur ","646",,
"Edit Transponder","Editer un transpondeur","647",,
"None","Aucun","648",,
"Select Transponder","Sélectionnez un transpondeur","649",,
"Satellite has no transponder info. First add new transponder.","Le satellite n'a aucun renseignement de transpondeur. Ajoutez d'abord le nouveau transpondeur.","650",,
"Add new transponder.","ajouter un nouveau transpondeur.","651",,
"Delete transponder.","Supprimer un transpondeur.","652",,
"Edit transponder.","Editer un transpondeur.","653",,
"Signal Meter","Meusureur de signal ","654",,
"First Time Installation","Première installation","655",,
"First time Installation.","Première installation.","656",,
"Channel search.","Recherche de chaînes.","657",,
"Manual Channel Search","Recherche de chaînes manuelle","658",,
"MDU","MDU","659",,
"Tuner 1 Pin-Code","Code PIN du tuner 1","660",,
"Tuner 1 Frequency","Fréquence du tuner 1","661",,
"Tuner 2 Pin-Code","Code PIN du tuner 2","662",,
"Tuner 2 Frequency","Fréquence du tuner 2","663",,
"OneCable Configuration","Configuration de OneCable","664",,
"Select On/Off MDU.","Sélectionner On/Off du MDU.","665",,
"Set Tuner1 Pin-Code.","Definir le code PIN du tuner 1.","666",,
"Select Tuner1 SCR.","Sélectionner le SCR du tuner 1.","667",,
"Select Tuner1 SCR frequency.","Sélectionner la fréquence SCR du tuner 1.","668",,
"Set Tuner2 Pin-Code.","Definir le code PIN du tuner 2.","669",,
"Select Tuner2 SCR.","Sélectionner le SCR du tuner 2.","670",,
"Select Tuner2 SCR frequency.","Sélectionner la fréquence SCR du tuner 2.","671",,
"Configure System","Configurez le système","672",,
"Number of Satellites","Le nombre de satellites","673",,
"Satellite 1","Satellite 1","674",,
"Satellite 2","Sattelite 2","675",,
"Configure system.","Configurer le système.","676",,
"Select number of satellites.","Sélectionner le nombre de satellites. ","677",,
"Configure satellite 1.","Configurez le satellite 1.","678",,
"Configure satellite 2.","Configurez le satellite 2.","679",,
"LNB Setting","Réglage de la LNB","680",,
"LNB Frequency","Fréquence de la LNB","681",,
"22KHz Control","Contrôle du 22KHz ","682",,
"DiSEqC 1.0 Switch Control","Contrôle du commutateur DiSEqC 1.0","683",,
"Transponder","Transpondeur","684",,
"Satellite Config","Configuration du satellite","685",,
"Universal","Universel ","686",,
"Single","Unique","687",,
"User Defined","Défini par l'utilisateur","688",,
"Off","Off","689",,
"On","On","690",,
"Disable","Désactiver","691",,
"1 of 4","1 des 4","692",,
"2 of 4","2 des 4","693",,
"3 of 4","3 des 4","694",,
"4 of 4","4 des 4","695",,
"Mini A","Mini A","696",,
"Mini B","Mini B","697",,
"Select LNB setting.","Sélectionner le réglage de la LNB.","698",,
"Select LNB frequency.","Sélectionner la fréquence de la LNB.","699",,
"Select 22KHz control.","Sélectionner le contrôle du 22KHz.","700",,
"Select DiSEqC 1.0 switch control.","Sélectionner le contrôle du commutateur DiSEqC 1.0","701",,
"Select transponder.","Sélectionner le transpondeur.","702",,
"Save.","Sauvegarder.","703",,
"Committed Switch","Commutateur engagé","704",,
"Uncommitted Switch","Commutateur non engagé","705",,
"Select committed switch.","Choisir le commutateur engagé.","706",,
"Select uncommitted switch.","Choisir le commutateur non engagé.","707",,
"Move Antenna","Déplacer l'antenne","708",,
"Action","Action ","709",,
"Store Position and Exit","Enregistrez la position et sortez","710",,
"Set Current Position for East Limit","Définir la position actuelle comme limite Est","711",,
"Set Current Position for West Limit","Définir la position actuelle comme limite Ouest","712",,
"Reset Limits","Réinitialiser les limites","713",,
"Move antenna.","Déplacer l'antenne.","714",,
"Action.","Action.","715",,
"Store Position and Exit.","Enregistrer la position et sortir.","716",,
"Go to the Position","Aller à la position ","717",,
"Go to the position.","Aller à la position.","718",,"원본대소문자"
"Tuner 1 Configuration","Configuration du tuner 1","719",,
"Tuner 2 Configuration","Configuration du tuner 2","720",,
"Remove Satellite","Déplacez le satellite","721",,
"Selected Satellite","Sélectionnez le satellite","722",,
"My Longitude","Ma Longitude","723",,
"My Latitude","Ma latitude","724",,
"Reference Position to Null","Position de référence à zéro","725",,
"Configure Satellites","Configurez les satellites","726",,
"USALS Configuration","Configuration USALS","727",,
"Select longitude.","Choisir la longitude.","728",,
"Select latitude.","Choisir la latitude.","729",,
"Set reference position to null.","Régler la position de référence à zéro.","730",,
"Configure Satellites.","Configurer les satellites.","731",,
"DVB Type","Type DVB","732",,
"FEC","FEC","733",,
"Video PID","Vidéo PID","734",,
"Audio PID","Audio PID","735",,
"PCR PID","PCR PID","736",,
"Select transponder frequency.","Choisir la fréquence du transpondeur.","737",,
"Select DVB type.","Choisir le type de DVB.","738",,
"Select FEC.","Choisir le FEC. ","739",,
"Select polarization.","Choisir la poliarisation.","740",,
"Select video PID.","Choisir vidéo PID.","741",,
"Select audio PID.","Choisir audio PID.","742",,
"Select PCR PID.","Choisir PCR PID.","743",,
"Simple LNB","LNB simple ","744",,
"DiSEqC 1.0","DiSEqC 1.0","745",,
"DiSEqC 1.1","DiSEqC 1.1","746",,
"Motorized, DiSEqC 1.2","Motorisé, DiSEqC 1.2","747",,
"Motorized, USALS","Motorisé, USALS","748",,
"OneCable System","Système OneCable","749",,
"Setup Simple LNB.","Configurer en simple LNB.","750",,
"Setup DiSEqC 1.0.","Configurer le DiSEqC 1.0.","751",,
"Setup DiSEqC 1.1.","Configurer le DiSEqC 1.1. ","752",,
"Setup DiSEqC 1.2.","Configurer le DiSEqC 1.2.","753",,
"Setup Motorized Antenna.","Régler l'antenne motorisée.","754",,
"Setup OneCable System .","Régler le système OneCable.","755",,
"Save satellite configuration?","Sauvegardez la configuration satellite?","756",,
"Yes, save configuration","Oui, sauvegarder la configuration","757",,
"No, don't save configuration","Non, ne pas sauvegarder la configuration ","758",,
"Automatic Channel Scan","Scan automatique des chaînes ","759",,
"Automatic Scan","Scan automatique","760",,
"Manual Scan","Scan manuel ","761",,
"Canal Plus quick scan.","Scan rapide de Canal Plus","762",,
"No Satellite","Pas de satellite","763",,
"No available satellite settings. First, configure satellite.","Aucuns réglages satellite disponibles. Configurer d'abord le satellite.","764",,
"Do you want to delete transponder?","Souhaitez-vous supprimer le transpondeur?","765",,
"Quick scan.","Scan rapide.","766",,
"FTA Scan.","Scan FTA.","767",,
"Setup Canal+ BAT transponder.","Régler le transpondeur BAT de Canal+.","768",,
"Antenna setup.","Régler l'antenne.","769",,
"Edit satellites.","Editer les satellites.","770",,
"Edit transponders.","Editer les transpondeurs.","771",,
"Manual Channel Scan","Scan manuel des chaînes ","772",,
"Tuner 1 PIN-Code","Code PIN du tuner 1","773",,
"Tuner 2 PIN-Code","Code PIN du tuner 2","774",,
"Number of Satellite","Nombre de satellite","775",,
"Tuner PIN-Code","Code PIN du tuner","776",,
"Tuner","Tuner ","777",,
"Tuner Frequency","Fréquence du Tuner ","778",,
"Set Tuner1 PIN-Code.","Définir le code PIN du tuner 1.","779",,
"Set Tuner2 PIN-Code.","Définir le code PIN du tuner 2.","780",,
"DiSEqC 1.0 Switch","Commutateur DiSEqC 1.0","781",,
"DiSEqC Repeat","Répétition du DiSEqC ","782",,
"Select DiSEqC repeat.","Choisir la répétition du DiSEqC.","783",,
"Wideband","Bande passante","784",,
"Tuner Configuration","Configuration du tuner ","785",,
"Do you want to empty set tuner%d?","Souhaitez-vous vider le tuner%d?","786",,
"You can't remove Canal+ satellite.","Vous ne pouvez pas déplacer Canal+ satellite.","787",,
"Active Antenna Support","Assistance d'antenne actif","788",,
"Band Frequency","Bande de fréquences","789",,
"Select Mode","Choisir un mode","790",,
"Select Band","Choisir une bande","791",,
"Basic","Basique","792",,
"Advanced","Avancée","793",,
"VHF","VHF","794",,
"UHF","UHF","795",,
"You can change Antenna & Incomming Signal Settings","Vous pouvez changer l'antenne & les paramètres du signal entrant","796",,
"Back to Channels","Retour aux chaînes","797",,
"Back to Main Menu","Retour au menu principal","798",,
"Supply 5V to active antenna.","Fournir 5V pour activer l'antenne.","799",,
"Search channels automatically.","Recherche des chaînes automatiquement.","800",,
"Search channels manually.","Recherche les chaînes manuellement.","801",,
"Check Incomming Signal.","Vérifier le signal entrant.","802",,
"Select mode.","Choisir un mode.","803",,
"Select channel.","Choisir une chaîne.","804",,
"Channel List","Liste des chaînes ","805",,
"Change frequency.","Changer la fréquence.","806",,
"Change band frequency.","Changer la bande de fréquence.","807",,
"Start channel search.","Début de la recherche des chaînes.","808",,
"Manufacturer identifier","Identifiant du fabricant","809",,
"Model identifier","Identifiant du model","810",,
"Terminal serial number","numéro de série du terminal","811",,
"Software version","Version du logiciel","812",,
"Hardware version","Version du materiel ","813",,
"Bootloader version","Version du Bootloader","814",,
"STB identifier","Identifiant du récepteur","815",,
"UA currently inserted","UA actuellement inséré","816",,
"UA","UA","817",,
"ACS library version number","Numéro version librairie ACS","818",,
"CAMLock value","Valeur du verouillage CAM","819",,
"Smartcard Information","Information de la Smartcard","820",,
"PIN Code Modification","Modification du code PIN ","821",,
"Rights Consultation ","Consultation des droits ","822",,
"Purchase List Consultation","Consultation de la liste d'achat ","823",,
"Viaccess","Viaccess","824",,
"Press OK to view smartcard information","Appuyer sur OK pour visualiser l'information sur la carte a puce ","825",,
"Press OK to change pin code","Appuyez sur OK pour changer le code PIN","826",,
"Press OK to view rights consultation","Appuyer sur OK pour consulter les droits","827",,
"Press OK to view purchase list consultation","Appuyer sur OK pour visulaiser la liste d'achat","828",,
"Press OK to view operator message","Appuyez sur OK pour afficher le message de l’opérateur","829",,
"Press OK to access maturity rating","Appuyez sur OK pour acceder au niveau de maturité","830",,
"Purse balance: ","équilibre du portefeuille:","831",,
"Enter CA PIN to start viewing","Entrez le PIN CA pour lancer l'affichage","832",,
"Wrong CA PIN","PIN CA erroné ","833",,
"Program rating:","L'évaluation du programme:","834",,
"Card level:","Niveau de la carte:","835",,
"PIN code","Code PIN","836",,
"Enter CA PIN to unlock","Entrez le CA PIN pour déverouiller ","837",,
"The maturity rating of this program [%s] exceeds your settings","L'évaluation de maturité de ce programme [%s] dépasse vos paramètres","838",,
"Please Enter your PIN code to access this program:","Merci de saisir votre code PIN pour accéder à ce programme:","839",,
"Program rating: G","Evaluation du programme: G","840",,
"Program rating: PG","Evaluation du programme: PG","841",,
"Program rating: A","Evaluation du programme: A","842",,
"Program rating: X","Evaluation du programme: X","843",,
"Card level: G","Niveau de la carte: G","844",,
"Card level: PG","Niveau de la carte: PG","845",,
"Card level: A","Niveau de la carte: A","846",,
"Card level: X","Niveau de la carte: X","847",,
"Card Level : G","Niveau de la carte: G","848",,
"Wrong Terminal PIN code","Le code PIN de boitier erroné","849",,
"Enter New CARD PIN Code","Introduisez Nouvel code PIN de carte à puce","850",,
"Enter CARD PIN code","introduisez le code PIN de carte à puce","851",,
"The parent code of your terminal has been updated with the card code","Le code parent de votre terminal a bien été mis à jour avec le code saisi","852",,
"Wrong CARD PIN code","Code PIN de la carte à puce erroné","853",,
"Max PIN code changes","Changement du code PIN Maximum","854",,
"The maximum number of PIN code changes per day is reached.","Le nombre maximal de modifications du code PIN par jour est atteint.","855",,
"Smartcard Locked","Smartcard verouillée","856",,
"Your smartcard is locked. Please contact your operator","Votre carte à puce est verrouillée. Veuillez contactez votre opérateur","857",,
"Elapsed time","Temps écoulé","858",,
"This program is available in preview.","Ce programme est disponible dans l'aperçu.","859",,
"Not enough tokens - please recharge your card","Pas assez de crédit - Veuillez rechargez votre carte","860",,
"Split","Diviser","861",,
"Force Decryption","Force de décryptage","862",,
"Add Series","Ajouter des séries","863",,
"Start","Démarrer","864",,
"Add Recording","Ajouter des enregistrements ","865",,
"Audio Language","Langue de l’audio","866",,
"Jump","sauter","867",,
"Auto Chaptering","Chapitrage Auto","868",,
"Bookmarks","Signets","869",,
"PIN Code","Code PIN","870",,
"UnKnown","inconnu","871",,
"no channel","Pas de chaîne","872",,
"Lock","Verrouiller","873",,
"Lock Time","Temps de verouillage","874",,
"Whole Day","Toute la Journée ","875",,
"Part of Day","Une partie de la journée","876",,
"Setting Lock Time","Réglage de l'heure de verrouillage","877",,
"No channel.","Pas de chaîne","878",,
"Not available channel.","Pas de transmission disponible.","879",,
"First, stop recording","D'abord, arrêter l'enregistrement","880",,
"Resolve","résoudre","881",,
"Date Time","Heure et date","882",,
"Media size","Taille du support ","883",,
"Timeshift size","Taille du Timeshift","884",,
"Record archive size","Enregistrer la Taille de l’archive","885",,
"Total Size","Taille total ","886",,
"Dedicated hard disk size is too small","Taille du disque dédié dur est trop petite","887",,
"Make dedicated hard disk failed..\nRetry make dedicated hard disk","Eureur du disque dur dédié.. \nRéessayer de dédier un disque dur","888",,
"Dedicated hard disk is detached","Le disque dur dédié est détaché","889",,
"Continue","Continuer","890",,
"Set up the archive hard disk","Régler le disque dur du fichier","891",,
"To use the recording functionality of the receiver, you need an external USB hard disk. Would you like to set this up now?","Pour utiliser la fonctionnalité d'enregistrement du récepteur, vous avez besoin d'un disque dur externe USB. Souhaitez-vous régler cela maintenant?","892",,
"Would you like to set this up now?\nAttention : All data on the hard disk will be deleted!","Souhaitez-vous installer cela maintenant?\nAttention: Toutes les données sur le disque dur seront effacées!","893",,
"Remove all external hard disks or USB sticks from the receiver and confirm by pressing the OK key.","Enlevez tous les disques durs externes ou clés USB du récepteur et confirmez en appuyant sur la touche OK.","894",,
"Now connect the archive hard disk to the receiver.\nAttention : All data on the hard disk will be deleted!","Maintenant connectez le disque dur d’ l'archive au récepteur.\nAttention: Toutes les données du disque dur seront effacées!","895",,
"Now connect the archive hard disk to the receiver.\nAttention : All data on the hard disk will be deleted!\nRemaining time until recognizing hard disk : %d","Maintenant connectez le disque dur d’archive au récepteur.\nAttention: Toutes les données du disque dur seront effacées!\n temps restants pour détecter le disque dur%d","896",,
"Please wait... while Making Dedicated hard disk.\nAttention : Don't remove dedicated hard disk when this work is not completed","Veuillez patienter…durant l'installation du disque dur dédié.\nAttention: Ne pas enlever le disque dur dédié jusqu'au fin d'installation.","897",,
"Cannot find hard disk.","impossible de trouver le disque dur.","898",,
"Filtering by Genre","Filtrage par genres","899",,
"Filter Reset","Réinitialisation du filtre","900",,
"Unlock","Déverrouiller","901",,
"Change Priority","Changement de priorité","902",,
"Move to Folder","Déplacer vers un dossier","903",,
"Start Block Selection","Commencer la Sélection du bloc","904",,
"End Block Selection","Terminer la sélection du bloc","905",,
"Clear Marked Items","Supprimer les objets marqués","906",,
"Add to Standby Decrypt","Ajouter à l’ Attente pour Décrypter","907",,
"Normal","Normal","908",,
"High","élevé","909",,
"Merge","Fusionner","910",,
"Cut","Couper ","911",,
"Edit Recording","Modifier l'enregistrement","912",,
"Start Block Select","Sélectionnez le bloc de début ","913",,
"End Block Select","Sélectionnez le bloc de fin ","914",,
"Clear Marked","Effacer la sélection","915",,
"Change Folder","Changer de dossier ","916",,
"Lock All","Tout vérouiller ","917",,
"Unlock All","Tout déverouiller ","918",,
"Remove from Standby Decrypt","Retirer de la veille pour Décrypter","919",,
"Skip","Passer","920",,
"Unskip","Ne pas sauter","921",,
"Add to Fav. Group","Ajouter au groupe de favoris","922",,
"Remove","Supprimer","923",,
"Create New Group","Créer un nouveau groupe","924",,
"Rename Fav. Group","Renommer un groupe de favoris","925",,
"Delete Fav. Group","Supprimer un groupe de favoris","926",,
"Add to Favorite group","Ajouter au groupe de favoris","927",,
"Move channels","Déplacer les chaînes","928",,
"Delete from favorite group","Supprimer depuis le groupes de favoris","929",,
"Add favorite group","Ajouter un groupe de favoris","930",,
"Rename favorite group","Renommer un groupe de favoris","931",,
"Delete favorite group","Supprimer un groupe de favoris","932",,
"Start block selection","Sélectionner le bloc de début ","933",,
"Block Select","Sélectionnez un bloc","934",,
"Delete Series","Supprimer les Series","935",,
"Edit Timer","Modifier la Minuterie","936",,
"Edit All Items","Modifier Tous les objets","937",,
"Delete all weekly timers","Supprimer tous les compteurs hebdomadaires","938",,
"Delete all splitted timers","Supprimer tous les compteurs divisés","939",,
"Delete all series timers","Supprimer tous les compteurs series","940",,
"Edit all weekly timers","Editer  tous les compteurs hebdomadaires","941",,
"Select","Sélectionner","942",,
"Genre Filter","Filtrer par genre","943",,
"Clear","Effacer","944",,
"Autopairing","Appairage automatique","945",,
"Pairing","Appairage","946",,
"Pairing Information","Information sur l’appairage","947",,
"Pairing mode","Mode appairage","948",,
"Autopairing mode","Mode Appairage automatique","949",,
"UA of permitted smartcards","UA des smartcard autorisée","950",,
"Software Version","Version du logiciel ","951",,
"Interface Version","Version de l’interface","952",,
"Card number","Numéro de carte","953",,
"Receiver number","Numéro du récépteur","954",,
"Number of sessions","Nombre de sessions","955",,
"Old PIN code","Ancien code PIN","956",,
"Please enter CA PIN","Veuillez entrer le PIN CA","957",,
"Please enter new CA PIN","Veuillez entrer le nouveau PIN CA","958",,
"Confirmation","Confirmation ","959",,
"Please confirm new CA PIN","Veuillez confirmer le nouveau PIN CA","960",,
"PIN code modification","Modification du code PIN","961",,
"Quit","Quitter ","962",,
"Success","succès","963",,
"CA PIN has been changed","PIN CA a été changé","964",,
"PIN code has been changed","le code PIN a été changé","965",,
"Wrong old PIN code","ancien code PIN erroné","966",,
"PIN confirmation does not match","La confirmation du PIN ne correspond pas","967",,
"Please enter your old and new PIN code.","Veuillez entrer votre ancien et votre nouveau code PIN.","968",,
"Press OK to confirm or Back to quit.","Appuyez sur OK pour confirmer ou Retour pour quitter.","969",,
"You have [%d] attempts left to enter the old PIN code.","Vous avez [%d] de tentatives restantes pour entrer votre ancien code PIN.","970",,
"Purse Debit status","Statut de débit du portefeuille","971",,
"Event","Evènement","972",,
"Tokens","Jetons","973",,
"Name","Nom","974",,
"Start date","Date de début","975",,
"End date","Date de fin","976",,
"UnLimited","illimité","977",,
"Maturity rating value","Valeur du niveau de maturité ","978",,
"Select new level","Sélectionner un nouveau niveau","979",,
"CA PIN to modify","Pour modifier CA PIN","980",,
"Save & Quit","Sauvegarder et Quitter ","981",,
"Wrong PIN code","Code PIN erroné","982",,
"Maturity Rating has been changed","Le niveau de maturité a été changé ","983",,
"Change CA PIN Failed","Le changement du PIN CA a échoué","984",,
"Card Level :","Niveau de la carte : ","985",,
"G\tGeneral audience","G\tAudience générale","986",,
"PG\tParental guidance","PG\tContrôle parental","987",,
"A\tOver 18","A\tPlus de 18","988",,
"X\tErotic","X\tErotic","989",,
"Maturity Rating Management","Gestion du niveau de maturité","990",,
"Please enter your PIN code.","Veuillez entrer votre code PIN.","991",,
"You have [%d] attempts left.","Vous avez [%d] de tentatives restantes","992",,
"Press the left and right arrows to navigate to the maturity rating value you want.","Appuyez sur les flèches gauche et droite pour naviguer sur \nla valeur du niveau de maturité que vous souhaitez.","993",,
"Note : ","Note: ","994",,
"You cannot set the maturity rating higher than [PG%d]","Vous ne pouvez pas définir le niveau de maturité supérieur à [PG%d]","995",,
"Your smartcard is locked.\nPlease contact your operator.","Votre carte à puce est verrouillée. \n Veuillez contactez votre opérateur.","996",,
"Purchase List for %s","Liste d'achat pour %s","997",,
"Per program purchases","l'achat par programme","998",,
"Per time purchases","l'achat par temps","999",,
"Prebooked purchases","l'achat pre-réservation","1000",,
"Program number","Numéro du programme","1001",,
"Cost","cout","1002",,
"%d,%02d[Euros]","%d,%02d[Euros]","1003",,
"Credit Status","Statut de crédit","1004",,
"Purse:","Portefeuille","1005",,
"Label","étiquette","1006",,
"Rights Summary for %s","Résumé du droit pour %s","1007",,
"Class List","Liste des classes","1008",,
"Theme/Level List","Thème/Liste des Niveaux","1009",,
"Expiry date","Date d'expiration","1010",,
"Classes","Classes","1011",,
"CLASS","Classe","1012",,
"Select Operator","Sélectionnez l'opérateur","1013",,
"Use the UP and DOWN arrows to select\nan operator in the following list:","Utilisez les flèches HAUT et BAS pour sélectionner\nun opérateur dans la liste suivante:","1014",,
"Purse Select","Sélection du portefeuille","1015",,
"Balance:","Balance:","1016",,
"Purse debit status","Statut de débit du portefeuille","1017",,
"Purse credit status","Statut de crédit du portefeuille","1018",,
"Recording","Enregistrement","1019",,
"Day","Jour ","1020",,
"End","Fin ","1021",,
"Once","Une fois","1022",,
"Daily","Quotidien","1023",,
"Weekly","Hebdomadaire","1024",,
"Manual Recording","Enregistrement manuel ","1025",,
"Add New Timer","Ajouter un nouvelle minuterie ","1026",,
"Change Timer","Changer la minuterie","1027",,
"Edit Weekly Timer","Editer la minuterie hebdomadaire","1028",,
"Add Manual Timer","Ajouter la minuterie manuellemment","1029",,
"Shuffle","Aléatoire","1030",,
"Repeat","Répétez","1031",,
"Network Setting","Paramétrage réseau","1032",,
"Timeshift Copy","Copie du direct différé","1033",,
"See Alternative Events","Voir les événements alternatifs","1034",,
"Record Split Events","Enregistrer les évènements en partition","1035",,
"Start Record","Commencer l'enregistrement","1036",,
" Min","Minimum","1037",,
"Timeshift Copy(%dMin)","Copie du direct différé(%dMin)","1038",,
"Change Recording Option","Modifier les Options d'enregistrement ","1039",,
"Current PIN Code","Code PIN actuel","1040",,
"New PIN Code","Nouveau Code PIN","1041",,
"Confirm PIN Code","Confirmer le code PIN","1042",,
"The entered PINs do not match!","Les PIN entrés ne correspondent pas!","1043",,
"Big Letter","Grande lettre","1044",,
"Number","Nombre","1045",,
"Small Letter","Petite lettre","1046",,
"Text in Title","Texte dans le titre ","1047",,
"Text in All","Texte dans l'ensemble","1048",,
"Search in Results","Recherche dans les résultats ","1049",,
"Search by Text in Title","Rechercher pas texte dans le titre ","1050",,
"Search by Text in All","Recherche dans l'ensemble par texte ","1051",,
"Search by Genre","Recherche par genre ","1052",,
"Search by Text","Recherche par texte ","1053",,
"Size is too small for recordable partition.","La taille est trop petite pour une  partition enregistrable.","1054",,
"Format hard disk ( Recommended )","Formater le disc dur (recommandé)","1055",,
"Select a recording partition","Choisissez une partition d'enregistrement","1056",,
"Connected USB hard disk(s) do not support recordings.\nYou may format a hard disk or select a partition for recording.\nPlease choose one of the following:","Le disque dur(s) installé sur le port USB ne peut pas enregistrer.\nVous devez formater le disque dur ou choisissez une partition pour l'enregistrement.\nVeuillez choisir entre:","1057",,
"Fat32 partition can not be found.\n","Ipossible de trouver une partition FAT32.\n","1058",,
"Sleep Time","Heure de mise en veille ","1059",,
"Turn Off Time","Heure d’arrêt","1060",,
"Stop Record","Arrêter l’enregistrement ","1061",,
"Subtitle Language","Langue de sous-titrage","1062",,
"Stretched","Etendu","1063",,
"Region","Région ","1064",,
"Feed","alimentation","1065",,
"Video quality","Qualité Vidéo ","1066",,
"Band Type","Type de bande ","1067",,
"Low Frequency","Basse fréquence ","1068",,
"High Frequency","Haute fréquence","1069",,
"Switch Frequency","Changer les fréquences","1070",,
"Input Low Frequency","Entrée de basse fréquence","1071",,
"Input High Frequency","Entrée de haute fréquence","1072",,
"Input Switch Frequency","Entrée de changement de fréquence","1073",,
"Set Longitude","Définir la longitude","1074",,
"Root Folder","Dossier de Base","1075",,
"No Event","Pas d’événement","1076",,
"%d Channels","%d Chaînes ","1077",,
"Recording Stopped. Maybe hard disk is full?","L'enregistrement est arrêté. Peut-être le disque dur est complet?","1078",,
"Pincode of your smartcard is not yet initialized\nPlease input new pincode :","Le code PIN de votre carte a puce n'est pas encore initialisé\nVeuillez introduire le nouvel code PIN","1079",,
"PIN code is not valid","Le code PIN est incorrect","1080",,
"Your card is not activated yet. In order to continue receiving the program, you can renew the card on %s site, or you can contact the following number %s (%s)","Votre carte n’est pas activée. Vous pouvez l’activer sur le site [%s] ou en appelant le %s (%s)","1081",,
"Your card is not activated yet. You need to activate the card.  You are advised to contact your distributor","Votre carte n’est pas activée, vous devez activer votre carte, merci de  contacter votre Réseau Distributeur","1082",,
"Your card has been expired. In order to continue receiving the program, you can renew the card on %s site, or please contact the following number %s (%s)","Votre carte a expiré. Pour continuer a recevoir vos programmes, vous pouvez la renouveler sur le site %s ou en appelant le numéro  suivant : %s (%s)","1083",,
"Your card has been expired. You need to activate the card.  You are advised to contact your distributor","Votre carte a expiré, vous devez activer votre carte, merci de  contacter votre Réseau Distributeur","1084",,
"Option channel. To subscribe to this program, please contact your distributor at the following %s (%s)","CHAINE EN OPTION. VEUILLEZ CONTACTER VOTRE DISTRIBUTEUR AU %s (%s) POUR SOUSCRIRE A CE PROGRAMME","1085",,
"Option channel. To subscribe to this program, please contact your distributor","CHAINE EN OPTION. VEUILLEZ CONTACTER VOTRE DISTRIBUTEUR POUR SOUSCRIRE A CE PROGRAMME","1086",,
"Your card cannot be activated. To recover your program, please contact your distributor at the following %s (%s)","VOTRE CONTRAT N’EST PAS ACTIVE. VEUILLEZ CONTACTER VOTRE DISTRIBUTEUR AU %s (%s) POUR RETROUVER VOS PROGRAMMES","1087",,
"Your card cannot be activated. To recover your program, please contact your distributor","VOTRE CONTRAT N’EST PAS ACTIVE. VEUILLEZ CONTACTER VOTRE DISTRIBUTEUR POUR RETROUVER VOS PROGRAMMES","1088",,
"Please wait to receive your rights. In case of problems, please contact your distributor at the following %s (%s)","VEUILLEZ PATIENTER POUR RECEVOIR VOS DROITS. EN CAS DE PROBLEME, VEUILLEZ CONTACTER VOTRE DISTRIBUTEUR AU %s (%s)","1089",,
"Please wait to receive your rights. In case of problems, please contact your distributor","VEUILLEZ PATIENTER POUR RECEVOIR VOS DROITS. EN CAS DE PROBLEME, VEUILLEZ CONTACTER VOTRE DISTRIBUTEUR","1090",,
"The period of validity of your card has been changed. The end date of validity is now %02d / %02d / %04d ","Le période de validité de votre carte a été changé. Le fin de validité de votre carte est désormais %02d / %02d / %04d","1091",,
"TS Copie ","TS copie","1092",,
"Favorite List","Liste de favoris ","1093",,
"No Subtitle","Pas de sous-titrage ","1094",,
"No audio track","Pas de piste audio","1095",,
"Audio Track","Piste audio ","1096",,
"4:3 Video Display","Affichage vidéo 4:3","1097",,
"PIP not available.","PIP indisponible.","1098",,
"Tokens PPV","Jetons PPV","1099",,
"Order Info","Commander les infos","1100",,
"Accept Viewing Info","Accepter l’affichage des infos","1101",,
"No teletext","Pas de teletexte","1102",,
"Already %d recording(s) running","Déjà%d enregistrement en cours","1103",,
"USB Media","Media USB","1104",,
"USB media detected.","Un support USB détecté","1105",,
"USB media removed.","Un support USB enlevé","1106",,
"This channel is not available in your installation. Please contact your installer.","CETTE CHAINE N'EST PAS ACCESSIBLE DANS VOTRE INSTALLATION. VEUILLEZ CONTACTER VOTRE INSTALLATEUR","1107",,
"Power Off","Mise hors tension","1108",,
"Preview","Avant-première","1109",,
"Unsupported USB Device","Périphériques USB pas pris en charge ","1110",,
"NO HDCP","Non HDCP","1111",,
"Cannot find recordable hard disk.","Impossible de trouver un disque dur enregistrable.","1112",,
"Make Dedicated HDD","Faire disque dur dédié","1113",,
"Can not perform timeshift playback.","Peut pas lire le timeshift","1114",,
"Can not perform timeshift playback.\nNo hard disk found.","Peut pas lire le timeshift.\nDisque dur pas installé","1115",,
"New update detected.","Nouvelle mise a jour détecté","1116",,
"Remaining time until power off : %d sec\nNote : To disable this automatic power down Press OK.","Le temps restant mise a hors tension:%d sec\nNote : pour désactiver ce fonction automatique appuyer sur OK.","1117",,
"Auto Power Down","Mise a hors tension automatique","1118",,
"Edit recording - Split","Editer l'enregistrement - Diviser","1119",,
"Edit recording - Cut","Editer l'enregistrement - Couper","1120",,
"Edit recording - Copy","Editer l'enregistrement - Copier","1121",,
"Please insert your smartcard.","Veuillez insérer votre carte d'accès","1122",,
"Movie Drama","Tragédie","1123",,
"Detective/Thriller","Policier/Thriller","1124",,
"Adventure/action","Aventure/Action","1125",,
"SF/Fantasy/Horror","SF/Fantastique/Horreur","1126",,
"Comedy","Comédie","1127",,
"Soap/Melodrama","Comédie Musicale","1128",,
"Romance","Romance","1129",,
"Religious/Historical","Religieux / Historique","1130",,
"Adult","Adultes","1131",,
"News/Current Affair","Nouvelles/Affaire Currente","1132",,
"News/Weather","Nouvelles/Météo","1133",,
"News/magazines","Nouvelles/magazines","1134",,
"Documentary","Documentaire","1135",,
"Discussion/Debate","Discussion/Débat","1136",,
"Show/game","Spectacle/Jeux","1137",,
"Game/show","Jeux Spectacle","1138",,"game show가 맞음"
"Variety show","Spectacle de variétés","1139",,
"Talk show","émission télévisée","1140",,
"Sports","Sports","1141",,
"Sports magazines","Magazines de sport","1142",,
"Football/Soccer","Football ","1143",,
"Tennis/Squash","Tennis/Squash","1144",,
"Team sports","Sports d’équipes","1145",,
"Sports/Athlatics","Sports/Athlétisme","1146",,
"Children's","Enfants","1147",,
"Pre-school children's","Enfants pré-scolaires","1148",,
"Cartoons","Dessins animés","1149",,
"Music","Musique","1150",,
"Rock/pop","Rock/Pop","1151",,
"Classical music","Musique classique","1152",,
"Folk/traditional music","Folk/musique traditionnelle","1153",,
"Jazz","Jazz","1154",,
"Musical/Opera","Musical/Opéra","1155",,
"Ballet","Ballet","1156",,
"Arts/Culture","Arts/Culture","1157",,
"Performing arts","Arts de la scène","1158",,
"Fine arts","Beaux-arts","1159",,
"Religion","Religion ","1160",,
"Popular culture","Culture populaire","1161",,
"Literature","Littérature","1162",,
"Film/cinema","Film/cinema","1163",,
"Experimental film/video","Film Experimental /video","1164",,
"Broadcasting/press","Diffusion/presse","1165",,
"New media","Le Journal","1166",,
"Arts/cultural magazines","Arts/magazines culturels","1167",,
"Fashion","Fashion","1168",,
"Social/Political issues","Faits sociaux et politiques","1169",,
"Education","Education ","1170",,
"Leisure/Hobbies","Loisirs","1171",,
"Tourism/travel","Tourisme/Voyage","1172",,
"Handicraft","Artisanat","1173",,
"Motoring","Automobile","1174",,
"Fitness/Health","Forme / Santé","1175",,
"Cooking","Cuisine","1176",,
"Advertisement/Shopping","Publicité / Shopping","1177",,
"Gardening","Jardinage","1178",,
"Original Language","Langues originales","1179",,
"Live Broadcast","Diffusion en direct ","1180",,
"Invalid smartcard.","Carte à puce invalide","1181",,
"Smartcard error.","Erreur Carte à puce","1182",,
"The smartcard has been invalidated by the operator.\nPlease contact the operator for further information.","La carte à puce a été désactivé par l'opérateur.\nVeuillez contacter l'opérateur pour plus d'informations.","1183",,
"You do not have the rights to access the %s.","Vous n'avez pas les droits pour accéder au %s.","1184",,
"Geographical blackout for the %s","Panne géographique pour le %s","1185",,
"Access not granted because the key is not present.\nIf this %s is in your subscription please contact your operator.","Accès pas accordé parce que la clé n'est pas valide. \nSi ce %s est dans votre abonnement Veuillez contactez votre opérateur.","1186",,
"Purchase is not possible for the %s.","Achat impossible pour ce %s.","1187",,
"Access to this %s has been forbidden by the operator.","L'accès à ce %s a été interdit par l'opérateur.","1188",,
"You do not have sufficient credit to purchase this %s.","Vous n'avez pas suffisamment de crédit pour acheter ce %s.","1189",,
"You cannot access this %s because the visualization date has expired.","Vous ne pouvez pas accéder à ce %s parce que la date de visualisation a expiré.","1190",,
"You cannot access this %s because the maximum number of playbacks has been reached.","Vous ne pouvez pas accéder à ce %s car le nombre maximal de lectures a été atteint.","1191",,
"Terminal configuration is not accurate. Please contact your operator for further information.","La configuration du terminal n'est pas exacte. Veuillez contacter votre opérateur pour plus d'informations.","1192",,
"Not a Viaccess scrambled program.","Pas de programme Viaccess crypté.","1193",,
"Please insert the smartcard to access the program.","Veuillez insérez la carte pour accéder au programme.","1194",,
"Please activate the terminal to access the program.","Veuillez activer le terminal pour accéder à ce programme.","1195",,
"Please insert the smartcard.","Veuillez insérez la carte à puce.","1196",,
"Smartcard memory is full.","La mémoire de la carte est pleine ","1197",,
"Overdraft reached.","Découvert atteint.","1198",,
"The threshold has been reached.","Le seuil a été atteint.","1199",,
"Wrong Card inserted. Please contact the operator for further information.","Mauvaise carte insérée. Veuillez contacter l'opérateur pour plus d'informations.","1200",,
"You do not have the rights to record this program.","vous n'avez pas le droit d'enregistrer ce programme","1201",,
"You do not have the rights to record this video.","Vous n'avez pas le droit d'enregistrer ce video","1202",,
"You do not have timeshift rights.","Vous n'avez pas le droit de direct différé","1203",,
"A security restriction has been activated on this STB!\nPlease contact your operator.","Une restriction de sécurité a été activé sur ce décodeur! \nVeuillez contactez votre opérateur.","1204",,
"You have received a new message from your operator.\nPress OK to read it. Press Exit to quit.","Vous avez reçu un nouveau message de votre opérateur. \nCliquez sur OK pour le lire. Appuyez sur Exit pour quitter.","1205",,
"The inserted smartcard is not compliant with this STB!\nPlease contact your operator.","La carte à puce insérée n'est pas conforme à ce décodeur! \nVeuillez contactez votre opérateur.","1206",,
"program(video/audio)","programme(vidéo/audio)","1207",,
"program(video)","programme(vidéo)","1208",,
"program(audio)","programme(audio)","1209",,
"component(video/audio)","composant(vidéo/audio)","1210",,
"component(video)","composant(vidéo)","1211",,
"component(audio)","composant(audio)","1212",,
"program","programme","1213",,
"Array too small","tableau trop petit","1214",,
"Wrong Pin Code","Le code PIN incorrect","1215",,
"Locked Pin Code","Code PIN verouillé","1216",,
"Max Changes Pin Code","modifications du code PIN maximum","1217",,
"Forbidden Pin Code","Code PIN interdit","1218",,
"No Pin Code","Pas de code PIN","1219",,
"Invalid Maturity Rating","Niveau de maturité invalide ","1220",,
"Smartcard insufficient memory","Mémoire insuffisante sur Carte","1221",,
"Wrong slot","mauvais emplacement","1222",,
"Smartcard error","Erreur de carte","1223",,
"Wrong SOID","Mauvais SOID","1224",,
"Operation not accepted","Cette opération n'est pas acceptée","1225",,
"Preselection area full","Domaine de Présélection complet","1226",,
"Reference already stoped in preselection area","Référence déjà arrêté dans la zone de présélection","1227",,
"Reference not found in preselection area","Référence introuvable dans la zone de présélection","1228",,
"Preselection mode not accepted","Mode de Présélection non accepté","1229",,
"Consultation locked","Consultation verrouillé","1230",,
"Wrong handle","Fausse commande","1231",,
"No IPPV offer available","Aucune offre disponible IPPV","1232",,
"No item found","Objet non trouvé","1233",,
"Insufficient memory","Mémoire insuffisante","1234",,
"Info not available","info pas disponible","1235",,
"Wrong ACS id","ACS id erroné","1236",,
"Resource busy","Ressource occupée","1237",,
"Operating error","Erreur d’exploitation","1238",,
"Mode not setup","Mode non configuré","1239",,
"Wrong mode","Mode erroné ","1240",,
"No STB id","Pas de STB id","1241",,
"PVR No Rights","Pas de droits PVR","1242",,
"Connection Error","erreur de Connexion ","1243",,
"Wrong activation code","Code d'activation erroné","1244",,
"Activation Error","Erreur d’activation ","1245",,
"Terminal not activated","Terminal non activé ","1246",,
"Terminal locked","Terminal verouillé","1247",,
"Unknown","inconnu","1248",,
"Not Recommended for children under 18 years","déconseillés au moins de 18 ans","1249",,
"Not Recommended for children under 10 years","déconseillés au moins de 10 ans","1250",,
"Not Recommended for children under 12 years","déconseillés au moins de 12 ans","1251",,
"Not Recommended for children under 16 years","déconseillés au moins de 16 ans","1252",,
"175 ms","175 ms","1253",,
"200 ms","200 ms","1254",,
"225 ms","225 ms","1255",,
"250 ms","250 ms","1256",,
"Decoded PCM","PCM décodé ","1257",,
"S/PDIF Format","Format S/PDIF","1258",,
"French","Français","1259",,
"English","Anglais","1260",,
"Deutsch","Allemand ","1261",,
"Italian","Italien ","1262",,
"Spanish","Espagnole","1263",,
"Czech","Tchèque","1264",,
"Dutch","Hollandais ","1265",,
"Polish","Polonais ","1266",,
"Turkish","Turque","1267",,
"Russian","Russe","1268",,
"Channel Number","Numero de la chaîne","1269",,
"Favorites","Favoris","1270",,
"GrayScale","échelle de gris","1271",,
"Violet","Violet","1272",,
"Autumn","Automne","1273",,
"Wine","Vin","1274",,
"Sea","Mer","1275",,
"Forest","Forêt","1276",,
"Ku Band","Bande Ku","1277",,
"C Band","Bande C","1278",,
"DE","DE","1279",,
"AT","AT","1280",,
"free only","En clair uniquement","1281",,
"scrambled only","Crypté uniquement","1282",,
"free & scrambled","Gratuit et Crypté","1283",,
"Fast","Rapide","1284",,
"AfterPMT","Après PMT","1285",,
"1 Min","1 Min","1286",,
"2 Min","2 Min","1287",,
"3 Min","3 Min","1288",,
"4 Min","4 Min","1289",,
"5 Min","5 Min","1290",,
"6 Min","6 Min","1291",,
"7 Min","7 Min","1292",,
"8 Min","8 Min","1293",,
"9 Min","9 Min","1294",,
"10 Min","10 Min","1295",,
"SI","SI","1296",,
"2 Hour","2 heures ","1297",,
"1 Hour","1 heure ","1298",,
"3 Hour","3 heures","1299",,
"4 Hour","4 heures","1300",,
"Grid","Grille","1301",,
"Disabled","Désactivé","1302",,
"Enabled","Activé","1303",,
"Low (500 rpm)","Bas (500rpm)","1304",,
"Middle (1000 rpm)","Moyen (1000rpm)","1305",,
"High (1500 rpm)","Haut (1500rpm)","1306",,
"First","Premier","1307",,
"FTI","FTI","1308",,
"Bright","Lumminosité ","1309",,
"Middle","Moyen","1310",,
"Dark","Sombre","1311",,
"Clock","Horloge","1312",,
"Low","Bas","1313",,
"RGB","RGB","1314",,
"YUV","YUV","1315",,
"Userdefined","Défini par l'utilisateur","1316",,
"Started","Démarré","1317",,
"Decided","Décidé","1318",,
"All Media","Tous les Medias","1319",,
"Photo","Photo","1320",,
"Movie","Film","1321",,
"DiSEqC 1.2","DiSEqC 1.2","1322",,
"DiSEqC 1.3","DiSEqC 1.3","1323",,
"YES","OUI ","1324",,
"EXR ... / EXU ...","EXR ... / EXU ...","1325",,
"UAS 481","UAS 481","1326",,
"Always 16:9","Toujours 16:9","1327",,
"Letterbox","Boite aus Lettres","1328",,
"Pan & Scan","Balayage panoramique","1329",,
"4 Sec","4 Sec","1330",,
"6 Sec","6 Sec","1331",,
"8 Sec","8 Sec","1332",,
"10 Sec","10 Sec","1333",,
"12 Sec","12 Sec","1334",,
"5 Hour","5 heure","1335",,
"6 Hour","6 heure","1336",,
"7 Hour","7 heure","1337",,
"8 Hour","8 heure","1338",,
"Addr1","Addr1","1339",,
"Addr2","Addr2","1340",,
"Addr3","Addr3","1341",,
"Addr4","Addr4","1342",,
"Individual","Individuel","1343",,
"Collectif","Collectif","1344",,
"CVBS","CVBS","1345",,
"YC","YC","1346",,
"Norwegian","Norvégien ","1347",,
"Finnish","Finlandais","1348",,
"Danish","Danois","1349",,
"Swedish","Suédois","1350",,
"Normal (Pillarbox)","Normal (en pilier)","1351",,
"Stretched (Fullscreen)","Etendu (plein écran)","1352",,
"Zoom (PanScan)","Zoom (Pan Scan)","1353",,
"Schedule","programme","1354",,
"SECAM","SECAM","1355",,
"PAL","PAL","1356",,
"5 GB","5 GB","1357",,
"10 GB","10 GB","1358",,
"15 GB","15 GB","1359",,
"20 GB","20 GB","1360",,
"OneCable","Unicable","1361",,
"Separated","Séparé","1362",,
"Loopthrough","Parcourir","1363",,
"Same with Tuner 1","Pareil que le Tuner 1","1364",,
"Different from Tuner 1","Different du Tuner 1","1365",,
"Inactive","Inactif","1366",,
"Session","Session","1367",,
"HDMI / YUV","HDMI / YUV","1368",,
"SCART","Péritel","1369",,
"Wakeup From RCU","Réveille depuis l'UCR","1370",,
"Wakeup from Button","Réveille depuis le boutton","1371",,
"Wakeup from Timer","Réveille depuis la minuterie","1372",,
"Wakeup from AC","Réveille depuis l’AC","1373",,
"Entertainment","Divertissement","1374",,
"Shows","Spectacles","1375",,
"Games","Jeux","1376",,
"Film","Film ","1377",,
"News","Le Journal","1378",,
"Tech","Technologie","1379",,
"Watch On Mobile","Regarder sur un mobile","1380",,
"SQ","SQ","1381",,
"HQ","HQ","1382",,
"Global","Global","1383",,
"Australia","Australie ","1384",,
"Brazil","Brazil","1385",,
"Canada","Canada","1386",,
"Czech Republic","République tchèque","1387",,
"France","France","1388",,
"Germany","Allemagne","1389",,
"Great Britain","Grande bretagne ","1390",,
"Holland","Hollande","1391",,
"Hong Kong","Honkong","1392",,
"India","Inde ","1393",,
"Ireland","Irlande ","1394",,
"Israel","Israël","1395",,
"Italy","Italie ","1396",,
"Japan","Japon ","1397",,
"Mexico","Mexique","1398",,
"New Zealand","Nouvelle zélande ","1399",,
"Poland","Pologne","1400",,
"Russia","Russie ","1401",,
"South Korea","Corée du sud ","1402",,
"Spain","Espagne","1403",,
"Sweden","Suède","1404",,
"Taiwan","Taïwan","1405",,
"United States","Etats Unis ","1406",,
"All Time","Tout le temps","1407",,
"Today","Aujourd’hui","1408",,
"This Week","Cette semaine ","1409",,
"This Month","Ce mois ","1410",,
"Cas","Cas","1411",,
"Collective Mode Scan","Mode Recherche collective","1412",,
"Free To Air Automatic Scan","Recherche Automatique des chaînes en clairs","1413",,
"Free To Air Manual Scan","Recherche Manuel des chaines en clairs","1414",,
"Change List","Liste de changement","1415",,
"Individual Mode Scan","Mode recherche individuel","1416",,
"Free Channel Automatic Scan","Recherche automatique des chaînes en clairs","1417",,
"Collective Mode Scan","Mode Recherche collective","1418",,
"TNTSAT/CANALSAT Scan","Recherche TNTSAT/CANALSAT","1419",,
"Direct satellite connection (Private antenna).","Connexion satellite direct (antenne prive)","1420",,
"SAT connection through collective equipment (SMATV).","Connexion satellite par équipement collective (SMATV)","1421",,
"Free Channel Manual Scan","Recherche manuelle des chaînes en clair","1422",,
"Running free channel automatic scan ","Recherche automatique des chaines en clair en cours","1423",,
"Running free channel manual scan","Recherche manuel des chaines en clairs en cours","1424",,
"Scanning TNTSAT/CANALSAT channels","Recherche des chaines TNTSAT/CANALSAT","1425",,
"Remaining time until power off 30 sec","Le temps restant mise a hors tension 30 sec","1426",,
"Video Setting ( HDMI Not Connected )","Réglage vidéo (HDMI Non Connectée)","1427",,
"Wait","Patienter","1428",,
